DATE,TIME,HOME TEAM,AWAY TEAM,HOME PER,DRAW PER,AWAY PER,UNDER 2.5,OVER 2.5,BTS,OTS,NAME
2025-10-19,16:00,AF Elbasani,Vora,55,26,19,60,40,44,56,BCL
2025-10-19,16:00,Flamurtari,Partizani,22,26,52,62,38,43,57,BCL
2025-10-19,00:30,Talleres Cordoba,River Plate,30,29,41,66,34,41,59,BCL
2025-10-19,19:00,Estudiantes LP,Gimnasia LP,64,26,10,62,38,37,63,BCL
2025-10-19,19:00,Sarmiento,Velez Sarsfield,27,30,43,73,27,34,66,BCL
2025-10-19,22:00,San Martin SJ,Independiente,25,32,43,73,27,35,65,BCL
2025-10-19,02:00,Gimnasia y Tiro,Estudiantes Rio Cuarto,47,29,24,69,31,37,63,BCL
2025-10-19,18:45,Gimnasia Jujuy,Deportivo Madryn,41,32,27,71,29,35,65,BCL
2025-10-19,21:00,CD Moron,CA Atlanta,52,29,19,75,25,31,69,BCL
2025-10-19,14:00,Gandzasar,Ararat-Armenia,11,18,71,41,59,54,46,BCL
2025-10-19,16:00,BKMA,Ararat,56,23,21,42,58,61,39,BCL
2025-10-19,05:00,Central Coast Mariners,Newcastle Jets,30,24,46,37,63,66,34,BCL
2025-10-19,13:30,FC Salzburg,SCR Altach,64,19,17,45,55,53,47,BCL
2025-10-19,13:30,FC Blau Weiss Linz,SK Sturm Graz,19,25,56,49,51,57,43,BCL
2025-10-19,16:00,Rapid Vienna,LASK Linz,58,24,18,37,63,65,35,BCL
2025-10-19,09:30,WSPG Wels,Rapid Wien II,44,24,32,38,62,66,34,BCL
2025-10-19,13:00,Sabah,Zira,42,30,28,66,34,43,57,BCL
2025-10-19,15:30,Neftchi Baku,Araz,54,28,18,66,34,39,61,BCL
2025-10-19,17:00,AAli,Malkiya,30,37,33,55,45,58,42,BCL
2025-10-19,17:00,Al Ahli Club,Al Shabab Manama,48,26,26,44,56,56,44,BCL
2025-10-19,11:00,FC Slutsk,Molodechno-DYuSSh 4,49,27,24,58,42,39,61,BCL
2025-10-19,15:00,Neman,Naftan,70,20,10,60,40,43,57,BCL
2025-10-19,18:00,ML Vitebsk,FC Minsk,69,23,8,52,48,40,60,BCL
2025-10-19,12:30,Cercle Brugge,Genk,30,24,46,39,61,63,37,BCL
2025-10-19,15:00,Dender,KV Mechelen,29,37,34,49,51,58,42,BCL
2025-10-19,17:30,Sint-Truidense,Anderlecht,32,25,43,43,57,61,39,BCL
2025-10-19,18:15,Zulte-Waregem,Gent,28,36,36,41,59,63,37,BCL
2025-10-19,15:00,Lierse SK,RFC Liege,26,37,37,45,55,59,41,BCL
2025-10-19,15:00,Patro Eisden Maasmechelen,RFC Seraing,64,20,16,43,57,53,47,BCL
2025-10-19,16:30,Borac Banja Luka,Velež,78,16,6,53,47,33,67,BCL
2025-10-19,18:45,Siroki Brijeg,Rudar Prijedor,71,20,9,54,46,40,60,BCL
2025-10-19,01:00,Cruzeiro,Fortaleza,70,20,10,60,40,41,59,BCL
2025-10-19,20:00,Flamengo,Palmeiras,50,26,24,62,38,42,58,BCL
2025-10-19,22:30,Internacional,Sport Recife,58,24,18,58,42,43,57,BCL
2025-10-19,22:30,Ceara,Botafogo,33,34,33,66,34,42,58,BCL
2025-10-19,22:30,Mirassol,Sao Paulo,42,30,28,65,35,43,57,BCL
2025-10-19,00:30,Remo,Athletic Club MG,58,25,17,45,55,53,47,BCL
2025-10-19,20:00,Avai,Criciuma,46,29,25,61,39,45,55,BCL
2025-10-19,20:00,Operario PR,Volta Redonda,60,25,15,63,37,37,63,BCL
2025-10-19,22:30,Botafogo SP,Cuiaba,27,30,43,66,34,41,59,BCL
2025-10-19,22:30,Coritiba,Athletico Paranaense,43,29,28,69,31,37,63,BCL
2025-10-19,13:00,Dobrudzha 1919 Dobrich,CSKA Sofia,10,18,72,57,43,34,66,BCL
2025-10-19,15:30,Cherno More Varna,Levski Sofia,23,31,46,67,33,41,59,BCL
2025-10-19,18:00,Lokomotiv 1929 Sofia,CSKA 1948 Sofia,21,28,51,41,59,53,47,BCL
2025-10-19,14:00,Ludogorets II,Chernomorets 1919 Burgas,53,25,22,44,56,55,45,BCL
2025-10-19,17:00,Vipers SC,Power Dynamos,55,25,20,42,58,60,40,BCL
2025-10-19,16:30,Coquimbo Unido,Colo Colo,43,28,29,63,37,45,55,BCL
2025-10-19,19:00,Everton de Vina,Universidad Catolica,43,27,30,39,61,53,47,BCL
2025-10-19,16:30,Antofagasta,Universidad de Concepcion,31,29,40,62,38,38,62,BCL
2025-10-19,19:00,Deportes Copiapo,Magallanes,61,24,15,60,40,41,59,BCL
2025-10-19,21:30,Deportes Temuco,Deportes Santa Cruz,49,27,24,60,40,39,61,BCL
2025-10-19,08:30,Dalian Young Boy,Wuhan Three Towns,56,22,22,33,67,69,31,BCL
2025-10-19,12:35,Henan,Changchun Yatai,60,21,19,34,66,66,34,BCL
2025-10-19,08:30,Shaanxi Union,Qingdao Red Lions,78,16,6,38,62,43,57,BCL
2025-10-19,12:30,Nantong Zhiyun,Guangxi Baoyun,64,22,14,53,47,41,59,BCL
2025-10-19,12:30,Nanjing City,Heilongjiang Lava Spring,44,27,29,42,58,56,44,BCL
2025-10-19,07:30,Changchun Xidu,Guangxi Hengchen,17,25,58,60,40,42,58,BCL
2025-10-19,07:30,Guizhou Zhucheng,Shandong Taishan II,54,24,22,46,54,56,44,BCL
2025-10-19,07:30,Shenzhen 2028,Nantong Haimen Codion,48,27,25,41,59,54,46,BCL
2025-10-19,07:30,Wuxi Wugou,Chengdu Rongcheng II,73,19,8,60,40,41,59,BCL
2025-10-19,00:20,Junior,Deportivo Pereira,65,22,13,61,39,45,55,BCL
2025-10-19,02:30,Deportivo Cali,America de Cali,31,28,41,65,35,43,57,BCL
2025-10-19,22:10,Llaneros,Once Caldas,30,35,35,60,40,45,55,BCL
2025-10-19,00:00,Patriotas,Jaguares,47,29,24,67,33,40,60,BCL
2025-10-19,23:00,Orsomarso,Quindio,43,30,27,66,34,42,58,BCL
2025-10-19,18:00,Quepos Cambute,Deportivo Upala,58,21,21,27,73,71,29,BCL
2025-10-19,00:00,Puntarenas,Cartagines,40,29,31,41,59,53,47,BCL
2025-10-19,02:00,Municipal Perez Zeledon,AD San Carlos,46,26,28,42,58,53,47,BCL
2025-10-19,22:00,Municipal Liberia,Herediano,43,27,30,43,57,53,47,BCL
2025-10-19,15:00,Istra 1961,Hajduk Split,23,27,50,63,37,41,59,BCL
2025-10-19,17:15,HNK Gorica,NK Varazdin,33,34,33,62,38,45,55,BCL
2025-10-19,12:45,NK Jarun,NK Dubrava Zagreb,30,35,35,63,37,43,57,BCL
2025-10-19,14:30,HNK Cibalia,NK Dugopolje,43,28,29,69,31,37,63,BCL
2025-10-19,16:00,Krasava Ypsonas,Omonia Nicosia,11,18,71,38,62,55,45,BCL
2025-10-19,17:00,Apoel Nicosia,Olympiakos Nicosia,79,16,5,59,41,33,67,BCL
2025-10-19,17:00,Aris,AEL,75,17,8,34,66,54,46,BCL
2025-10-19,13:30,AE Zakakiou,Spartakos Kitiou,43,28,29,64,36,38,62,BCL
2025-10-19,13:30,Omonia 29is Maiou,PAEEK,54,26,20,62,38,40,60,BCL
2025-10-19,12:00,Banik Ostrava,Hradec Kralove,46,26,28,46,54,58,42,BCL
2025-10-19,14:30,Slovacko,Sparta Prague,10,18,72,41,59,45,55,BCL
2025-10-19,17:30,FK Jablonec,Dukla Praha,68,20,12,60,40,45,55,BCL
2025-10-19,09:15,Slavia Prague B,Hanacka Slavia Kromeriz,65,21,14,37,63,59,41,BCL
2025-10-19,09:15,Viktoria Zizkov,FC Sellier & Bellot Vlasim,51,24,25,41,59,63,37,BCL
2025-10-19,09:15,Dukla Praha II,Admira Praha,54,23,23,38,62,65,35,BCL
2025-10-19,09:30,Viktoria Plzeň II,Sokol Hostouň,76,15,9,29,71,60,40,BCL
2025-10-19,09:15,Hradec Králové II,Kolín,59,22,19,37,63,64,36,BCL
2025-10-19,09:15,Pardubice II,Benátky nad Jizerou,52,24,24,41,59,62,38,BCL
2025-10-19,13:00,Teplice II,Slovan Liberec II,58,20,22,22,78,75,25,BCL
2025-10-19,13:30,Varnsdorf,Jablonec II,21,20,59,31,69,68,32,BCL
2025-10-19,13:30,Sokol Brozany,Neratovice-Byškovice,46,23,31,32,68,69,31,BCL
2025-10-19,09:15,Zbrojovka Brno II,Zlín II,72,16,12,22,78,64,36,BCL
2025-10-19,09:15,Sigma Olomouc II,Karviná II,69,18,13,29,71,65,35,BCL
2025-10-19,13:30,Polanka nad Odrou,Slovácko II,17,20,63,38,62,61,39,BCL
2025-10-19,13:00,FC Nordsjaelland,Randers FC,53,23,24,37,63,65,35,BCL
2025-10-19,13:00,Viborg,Odense BK,48,26,26,40,60,65,35,BCL
2025-10-19,15:00,Brondby,AGF Aarhus,43,25,32,43,57,61,39,BCL
2025-10-19,17:00,Midtjylland,Vejle,72,16,12,31,69,59,41,BCL
2025-10-19,14:00,Lyngby,Aarhus Fremad,55,24,21,42,58,61,39,BCL
2025-10-19,13:00,Thisted FC,HIK,42,27,31,43,57,56,44,BCL
2025-10-19,00:00,Delfin SC,Macara,46,29,25,63,37,43,57,BCL
2025-10-19,19:00,Manta FC,Tecnico Universitario,45,29,26,65,35,43,57,BCL
2025-10-19,21:30,SD Aucas,Emelec,58,25,17,60,40,41,59,BCL
2025-10-19,15:00,Masr,Petrojet,42,31,27,65,35,43,57,BCL
2025-10-19,18:00,Ceramica Cleopatra,El Geish,57,27,16,69,31,36,64,BCL
2025-10-19,22:00,Cacahuatique,Platense,50,27,23,41,59,54,46,BCL
2025-10-19,22:00,Fuerte San Francisco,Firpo,14,24,62,58,42,42,58,BCL
2025-10-19,22:20,Municipal Limeño,Águila,32,26,42,44,56,57,43,BCL
2025-10-19,14:00,Tottenham,Aston Villa,50,26,24,48,52,58,42,BCL
2025-10-19,16:30,Liverpool,Man Utd,61,20,19,31,69,66,34,BCL
2025-10-19,10:30,Elva,FC Tallinn,73,16,11,19,81,72,28,BCL
2025-10-19,10:30,Tallinna Kalev II,Tartu Welco,23,22,55,28,72,71,29,BCL
2025-10-19,12:30,Laagri,Kalju Nomme,11,16,73,30,70,61,39,BCL
2025-10-19,14:00,Suduroy,Vikingur Gota,7,13,80,64,36,38,62,BCL
2025-10-19,14:00,EB / Streymur,B36 Torshavn,17,21,62,64,36,38,62,BCL
2025-10-19,14:00,B68,07 Vestur,27,37,36,64,36,38,62,BCL
2025-10-19,17:15,HB,NSI Runavik,26,38,36,64,36,38,62,BCL
2025-10-19,14:00,IF Gnistan,SJK,28,20,52,29,71,71,29,BCL
2025-10-19,14:00,FC Ilves,FC Inter,45,24,31,37,63,66,34,BCL
2025-10-19,16:30,KuPS Kuopio,HJK Helsinki,45,25,30,40,60,65,35,BCL
2025-10-19,13:00,MP,OLS,47,21,32,37,63,66,34,BCL
2025-10-19,14:00,Lens,Paris FC,54,24,22,41,59,61,39,BCL
2025-10-19,16:15,Lorient,Brest,42,28,30,48,52,58,42,BCL
2025-10-19,16:15,Rennes,Auxerre,55,26,19,45,55,57,43,BCL
2025-10-19,16:15,Toulouse,Metz,62,24,14,48,52,53,47,BCL
2025-10-19,19:45,Nantes,Lille,20,25,55,48,52,55,45,BCL
2025-10-19,14:30,SC Freiburg,Eintracht Frankfurt,28,38,34,39,61,66,34,BCL
2025-10-19,16:30,St Pauli,TSG Hoffenheim,29,37,34,45,55,61,39,BCL
2025-10-19,12:30,Darmstadt,Magdeburg,55,25,20,33,67,69,31,BCL
2025-10-19,12:30,Elversberg,Greuther Furth,63,20,17,34,66,63,37,BCL
2025-10-19,12:30,Nurnberg,Holstein Kiel,30,36,34,43,57,63,37,BCL
2025-10-19,12:30,SSV Ulm 1846,Cottbus,27,38,35,37,63,66,34,BCL
2025-10-19,15:30,1860 Munich,MSV Duisburg,45,27,28,46,54,59,41,BCL
2025-10-19,18:30,TSV Havelse,Jahn Regensburg,31,24,45,41,59,65,35,BCL
2025-10-19,14:00,Asteras Tripolis,AE Kifisias,48,29,23,61,39,45,55,BCL
2025-10-19,15:30,Volos NFC,Panserraikos,61,23,16,46,54,55,45,BCL
2025-10-19,17:30,Aris Salonika,Panathinaikos,28,27,45,41,59,53,47,BCL
2025-10-19,19:00,AEK Athens,PAOK Salonika,44,27,29,43,57,55,45,BCL
2025-10-19,22:00,Cobán Imperial,Marquense,73,20,7,54,46,38,62,BCL
2025-10-19,02:30,Real Espana,Atlético Choloma,75,17,8,40,60,42,58,BCL
2025-10-19,12:15,Kazincbarcikai BSC,Kisvarda FC,30,24,46,42,58,61,39,BCL
2025-10-19,14:30,Zalaegerszegi TE,Puskas Academy,26,23,51,40,60,63,37,BCL
2025-10-19,17:00,Ujpest,Ferencvarosi TC,21,22,57,40,60,61,39,BCL
2025-10-19,12:00,Karcag SE,Csakvar,43,25,32,45,55,61,39,BCL
2025-10-19,16:00,Kozarmisleny FC,Budapest Honved,18,23,59,43,57,58,42,BCL
2025-10-19,16:00,Soroksar,Fehérvár FC,29,37,34,42,58,64,36,BCL
2025-10-19,16:00,Szeged 2011,BVSC,54,24,22,46,54,58,42,BCL
2025-10-19,16:00,Tiszakecske FC,Ajka,43,26,31,47,53,59,41,BCL
2025-10-19,16:00,Vasas,Szentlőrinc SE,60,22,18,42,58,57,43,BCL
2025-10-19,15:00,KA Akureyri,IA Akranes,57,22,21,27,73,70,30,BCL
2025-10-19,15:00,KR Reykjavik,IBV Vestmannaeyjar,56,21,23,21,79,76,24,BCL
2025-10-19,15:00,Afturelding,Vestri,45,25,30,39,61,65,35,BCL
2025-10-19,20:15,Valur Reykjavik,FH hafnarfjordur,54,23,23,29,71,70,30,BCL
2025-10-19,09:30,PSM Makassar,Arema FC,31,36,33,57,43,56,44,BCL
2025-10-19,13:00,Persijap,Bali United,31,36,33,54,46,59,41,BCL
2025-10-19,18:30,Hapoel Tel-Aviv,Maccabi Tel Aviv,18,21,61,40,60,59,41,BCL
2025-10-19,11:30,Como,Juventus,32,28,40,43,57,53,47,BCL
2025-10-19,14:00,Genoa,Parma,47,31,22,65,35,42,58,BCL
2025-10-19,14:00,Cagliari,Bologna,25,28,47,61,39,43,57,BCL
2025-10-19,17:00,Atalanta,Lazio,57,23,20,45,55,55,45,BCL
2025-10-19,19:45,AC Milan,Fiorentina,65,21,14,61,39,45,55,BCL
2025-10-19,14:00,Palermo,Modena,48,28,24,42,58,53,47,BCL
2025-10-19,16:15,Empoli,Venezia,32,35,33,61,39,45,55,BCL
2025-10-19,18:30,Catanzaro,Padova,46,28,26,65,35,42,58,BCL
2025-10-19,07:00,Shonan Bellmare,Kyoto Sanga FC,23,22,55,45,55,57,43,BCL
2025-10-19,04:55,Kataller Toyama,Hokkaido Consadole Sapporo,28,25,47,46,54,57,43,BCL
2025-10-19,05:00,FC Imabari,Renofa Yamaguchi,49,26,25,59,41,43,57,BCL
2025-10-19,06:00,Montedio Yamagata,Roasso Kumamoto,46,25,29,43,57,61,39,BCL
2025-10-19,06:00,Oita,Vegalta Sendai,25,27,48,66,34,39,61,BCL
2025-10-19,08:00,Mito Hollyhock,JEF Utd Chiba,43,27,30,43,57,53,47,BCL
2025-10-19,12:00,Ballkani,Dukagjini,66,23,11,56,44,42,58,BCL
2025-10-19,11:00,Tukums,Rīgas FS,5,11,84,22,78,57,43,BCL
2025-10-19,13:00,Metta / LU,Riga,5,8,87,20,80,36,64,BCL
2025-10-19,16:00,FA Šiauliai II,Žalgiris II,25,21,54,64,36,38,62,BCL
2025-10-19,01:00,Atlante FC,Venados FC,66,21,13,37,63,58,42,BCL
2025-10-19,01:00,Irapuato,Monarcas,50,25,25,43,57,61,39,BCL
2025-10-19,02:00,CDS Tampico Madero,CA La Paz,58,22,20,35,65,64,36,BCL
2025-10-19,00:00,Juarez FC,Pachuca,31,35,34,49,51,58,42,BCL
2025-10-19,00:00,Santos Laguna,Leon,27,38,35,39,61,66,34,BCL
2025-10-19,00:00,Toluca,Queretaro,84,11,5,27,73,55,45,BCL
2025-10-19,02:00,Monterrey,Unam Pumas,61,23,16,46,54,55,45,BCL
2025-10-19,02:07,Chivas Guadalajara,Mazatlan FC,67,20,13,41,59,57,43,BCL
2025-10-19,04:05,Cruz Azul,Club America,29,36,35,45,55,61,39,BCL
2025-10-19,01:00,Gavilanes FC Matamoros,Ciervos,78,17,5,55,45,33,67,BCL
2025-10-19,02:00,Lobos ULMX,Deportivo Zap,32,35,33,62,38,38,62,BCL
2025-10-19,16:00,Kawkab Marrakech,US Yacoub El Mansour,43,29,28,65,35,43,57,BCL
2025-10-19,18:00,Difaa El Jadida,Ittihad Tanger,42,30,28,69,31,39,61,BCL
2025-10-19,11:15,Telstar,Heerenveen,32,26,42,40,60,65,35,BCL
2025-10-19,13:30,Excelsior,Fortuna Sittard,44,27,29,43,57,63,37,BCL
2025-10-19,13:30,FC Groningen,Sparta Rotterdam,54,25,21,42,58,59,41,BCL
2025-10-19,15:45,Heracles,Feyenoord,13,16,71,31,69,59,41,BCL
2025-10-19,13:30,Tromso,Viking FK,27,38,35,38,62,65,35,BCL
2025-10-19,16:00,HamKam,Valerenga,41,25,34,41,59,63,37,BCL
2025-10-19,16:00,KFUM,Kristiansund BK,60,23,17,61,39,45,55,BCL
2025-10-19,16:00,Molde,Sandefjord,57,22,21,35,65,65,35,BCL
2025-10-19,18:15,Stromsgodset,Fredrikstad,42,27,31,42,58,63,37,BCL
2025-10-19,11:30,Grorud,Rana,82,13,5,19,81,63,37,BCL
2025-10-19,12:00,Alta,Eidsvold,25,40,35,20,80,78,22,BCL
2025-10-19,12:00,Ull/Kisa,Tromsdalen Uil,28,22,50,26,74,74,26,BCL
2025-10-19,13:00,Stjørdals-Blink,Kjelsås,28,38,34,30,70,71,29,BCL
2025-10-19,14:00,Asker,Levanger,25,21,54,25,75,74,26,BCL
2025-10-19,00:15,Deportivo Universitario,San Francisco FC,31,36,33,62,38,38,62,BCL
2025-10-19,02:30,CD Arabe Unido,UMECIT,44,29,27,70,30,39,61,BCL
2025-10-19,00:00,Guarani Asuncion,Deportivo Recoleta,62,22,16,46,54,53,47,BCL
2025-10-19,21:30,Cerro Porteno,Olimpia Asuncion,48,27,25,45,55,55,45,BCL
2025-10-19,00:00,Cienciano,Cusco FC,44,28,28,49,51,57,43,BCL
2025-10-19,21:00,Atletico Grau,UTC Cajamarca,70,18,12,60,40,45,55,BCL
2025-10-19,23:30,Deportivo Garcilaso,Sporting Cristal,44,27,29,48,52,59,41,BCL
2025-10-19,11:15,Piast Gliwice,Lechia Gdansk,46,26,28,46,54,58,42,BCL
2025-10-19,13:45,Lech Poznan,Pogon Szczecin,57,22,21,34,66,65,35,BCL
2025-10-19,16:30,Zaglebie Lubin,Legia Warsaw,23,23,54,43,57,58,42,BCL
2025-10-19,11:00,Polonia Bytom,Odra Opole,59,23,18,48,52,53,47,BCL
2025-10-19,13:30,Slask Wroclaw,Stal Mielec,63,20,17,38,62,61,39,BCL
2025-10-19,16:30,Gornik Leczna,Znicz Pruszków,43,25,32,43,57,61,39,BCL
2025-10-19,11:00,Olimpia Grudziądz,Chojniczanka Chojnice,46,25,29,41,59,64,36,BCL
2025-10-19,15:00,ŁKS Łódź II,Rekord Bielsko-Biała,32,24,44,39,61,65,35,BCL
2025-10-19,15:00,Podbeskidzie,Świt Skolwin,57,23,20,40,60,62,38,BCL
2025-10-19,18:30,Stal Stalowa Wola,Zaglebie Sosnowiec,29,38,33,42,58,63,37,BCL
2025-10-19,11:00,FC Porto B,Maritimo,29,27,44,42,58,53,47,BCL
2025-10-19,15:30,Penafiel,Feirense,32,36,32,60,40,53,47,BCL
2025-10-19,14:00,AD Fafe,Moreirense,17,25,58,49,51,53,47,BCL
2025-10-19,15:00,SU 1 Dezembro,Benfica Castelo Branco,65,22,13,57,43,41,59,BCL
2025-10-19,15:00,Amarante,Leixoes,25,27,48,49,51,57,43,BCL
2025-10-19,15:00,Anadia,AC Marinhense,46,27,27,65,35,41,59,BCL
2025-10-19,15:00,Atletico CP Lisbon,Felgueiras 1932,21,27,52,42,58,53,47,BCL
2025-10-19,15:00,Caldas SC,SC Mirandela,77,15,8,59,41,39,61,BCL
2025-10-19,15:00,Lusitania Lourosa,GD Resende,86,9,5,27,73,35,65,BCL
2025-10-19,15:00,SC Vila Real,Tondela,11,20,69,64,36,43,57,BCL
2025-10-19,15:00,Uniao Lamas,Guimaraes,5,10,85,25,75,29,71,BCL
2025-10-19,15:00,SU Sintrense,Rio Ave,9,14,77,64,36,37,63,BCL
2025-10-19,18:00,CF Os Belenenses,Estoril,28,26,46,41,59,53,47,BCL
2025-10-19,15:30,UTA Arad,Otelul Galati,42,29,29,41,59,53,47,BCL
2025-10-19,18:30,Dinamo Bucharest,Rapid Bucuresti,42,29,29,41,59,53,47,BCL
2025-10-19,09:00,Slatina,Bihor Oradea,31,36,33,56,44,57,43,BCL
2025-10-19,12:30,FC Sochi,Zenit,11,20,69,64,36,43,57,BCL
2025-10-19,15:00,Rubin,Baltika,32,35,33,63,37,42,58,BCL
2025-10-19,17:30,Dynamo,Akhmat,55,24,21,45,55,59,41,BCL
2025-10-19,08:00,Enisey,Spartak Kostroma,32,29,39,64,36,42,58,BCL
2025-10-19,10:00,Chelyabinsk,Arsenal Tula,41,30,29,64,36,42,58,BCL
2025-10-19,15:00,KAMAZ,Rodina Moskva,27,29,44,63,37,42,58,BCL
2025-10-19,15:45,Al Khaleej Saihat,Al Riyadh,57,24,19,46,54,53,47,BCL
2025-10-19,16:10,Al Taawon Buraidah,Damac FC,57,22,21,58,42,41,59,BCL
2025-10-19,19:00,Neom SC,Al Qadisiya Al Khubar,32,24,44,46,54,57,43,BCL
2025-10-19,12:00,Dundee,Celtic,6,10,84,31,69,45,55,BCL
2025-10-19,14:30,Cukaricki,Novi Pazar,47,26,27,46,54,60,40,BCL
2025-10-19,16:00,Mladost Lucani,Železničar Pančevo,33,26,41,43,57,56,44,BCL
2025-10-19,18:30,FK Crvena Zvezda,IMT Novi Beograd,86,9,5,16,84,40,60,BCL
2025-10-19,18:30,FK Spartak Zdrepceva KRV,Radnicki NIS,42,27,31,46,54,60,40,BCL
2025-10-19,13:00,Kabel Novi Sad,Dubočica,45,29,26,68,32,39,61,BCL
2025-10-19,13:00,Zemun,Dinamo Jug,75,19,6,54,46,37,63,BCL
2025-10-19,13:00,OFK Vršac,Grafičar,43,25,32,64,36,38,62,BCL
2025-10-19,16:00,Macva,FK Trayal,59,23,18,46,54,54,46,BCL
2025-10-19,16:00,FK Vozdovac,Semendrija 1924,58,23,19,57,43,40,60,BCL
2025-10-19,16:00,Jedinstvo Ub,Loznica,54,25,21,57,43,40,60,BCL
2025-10-19,12:30,Tampines Rovers FC,Balestier Khalsa FC,68,17,15,24,76,69,31,BCL
2025-10-19,14:30,FK Košice,Zemplín Michalovce,51,24,25,39,61,64,36,BCL
2025-10-19,17:00,Dunajska Streda,Žilina,63,21,16,32,68,64,36,BCL
2025-10-19,09:30,Malženice,Žilina II,49,23,28,33,67,68,32,BCL
2025-10-19,09:30,Slovan Bratislava II,Šamorín,29,36,35,40,60,65,35,BCL
2025-10-19,10:00,Slávia TU Košice,Lokomotíva Zvolen,25,23,52,39,61,63,37,BCL
2025-10-19,16:30,Bravo,Primorje,63,21,16,39,61,60,40,BCL
2025-10-19,19:15,Koper,Maribor,29,37,34,42,58,64,36,BCL
2025-10-19,06:00,Ansan Greeners FC,Incheon Utd,14,21,65,59,41,37,63,BCL
2025-10-19,06:00,Chungnam Asan FC,Gimpo FC,46,27,27,60,40,45,55,BCL
2025-10-19,06:00,Gyeongnam FC,Seongnam FC,22,26,52,43,57,53,47,BCL
2025-10-19,06:00,Seoul E-Land FC,Busan I Park,33,34,33,62,38,45,55,BCL
2025-10-19,08:30,Bucheon FC 1995,Cheonan City,55,23,22,43,57,59,41,BCL
2025-10-19,08:30,Chungbuk Cheongju,Jeonnam Dragons,21,22,57,45,55,57,43,BCL
2025-10-19,08:30,Hwaseong FC,Suwon Bluewings,15,22,63,41,59,57,43,BCL
2025-10-19,14:30,Casric Stars,Hungry Lions,65,22,13,56,44,42,58,BCL
2025-10-19,14:30,Marumo Gallants,Chippa United,47,33,20,78,22,32,68,BCL
2025-10-19,06:00,Jeonbuk Motors II,Yeoju Sejong,31,35,34,57,43,57,43,BCL
2025-10-19,13:00,Leganes,Malaga,53,27,20,63,37,41,59,BCL
2025-10-19,15:15,CD Castellon,Albacete Balompie,59,22,19,40,60,61,39,BCL
2025-10-19,15:15,Valladolid,Sporting Gijon,53,28,19,59,41,45,55,BCL
2025-10-19,17:30,Cordoba,Almeria,33,26,41,45,55,61,39,BCL
2025-10-19,17:30,Racing Santander,Deportivo La Coruna,31,36,33,40,60,66,34,BCL
2025-10-19,20:00,Las Palmas,Eibar,55,29,16,66,34,39,61,BCL
2025-10-19,13:00,Elche,Athletic Bilbao,25,28,47,61,39,45,55,BCL
2025-10-19,15:15,Celta Vigo,Real Sociedad,47,27,26,48,52,57,43,BCL
2025-10-19,17:30,Levante,Rayo Vallecano,32,28,40,48,52,58,42,BCL
2025-10-19,20:00,Getafe,Real Madrid,10,20,70,64,36,42,58,BCL
2025-10-19,11:00,Ourense CF,Real Madrid Castilla,29,29,42,63,37,43,57,BCL
2025-10-19,11:00,Ponferradina,Zamora CF,48,29,23,65,35,41,59,BCL
2025-10-19,15:00,Real Aviles CF,CF Talavera,50,27,23,61,39,43,57,BCL
2025-10-19,19:30,Athletic Bilbao B,Cacereno,50,28,22,65,35,41,59,BCL
2025-10-19,11:00,Atletico Madrid B,Juventud Torremolinos CF,67,22,11,58,42,37,63,BCL
2025-10-19,11:00,Gimnastic,SD Tarazona,57,26,17,65,35,37,63,BCL
2025-10-19,15:15,Teruel,Sevilla Atletico,51,29,20,69,31,37,63,BCL
2025-10-19,17:15,Antequera,Marbella FC,32,36,32,59,41,53,47,BCL
2025-10-19,17:15,Real Murcia,UD Ibiza,50,28,22,66,34,39,61,BCL
2025-10-19,19:30,Betis Deportivo,Atletico Sanluqueno,42,28,30,59,41,43,57,BCL
2025-10-19,13:00,GAIS,Djurgarden,45,27,28,45,55,57,43,BCL
2025-10-19,13:00,Hammarby,AIK,63,23,14,61,39,45,55,BCL
2025-10-19,15:30,Elfsborg,Osters IF,55,23,22,40,60,61,39,BCL
2025-10-19,15:30,IFK Varnamo,Brommapojkarna,26,38,36,37,63,66,34,BCL
2025-10-19,12:00,Utsiktens BK,Trelleborgs FF,41,27,32,46,54,58,42,BCL
2025-10-19,14:00,Helsingborg,Orebro SK,45,23,32,41,59,61,39,BCL
2025-10-19,14:00,Landskrona,Umeå FC,60,21,19,41,59,58,42,BCL
2025-10-19,12:00,Team Thoren,Örebro Syrianska,17,19,64,38,62,60,40,BCL
2025-10-19,15:00,Enköping,Arlanda,45,24,31,34,66,69,31,BCL
2025-10-19,15:00,United Nordic,Haninge,78,15,7,29,71,57,43,BCL
2025-10-19,15:00,Vasalund,AFC Eskilstuna,68,18,14,25,75,68,32,BCL
2025-10-19,13:00,Grasshoppers,FC Sion,30,36,34,48,52,59,41,BCL
2025-10-19,15:30,Lucerne,Lausanne Sports,44,23,33,39,61,65,35,BCL
2025-10-19,15:30,Young Boys,St Gallen,58,20,22,31,69,66,34,BCL
2025-10-19,13:00,FC WIL 1900,FC Vaduz,32,25,43,38,62,66,34,BCL
2025-10-19,13:00,Yverdon Sport,Bellinzona,70,20,10,41,59,54,46,BCL
2025-10-19,12:00,Rayong FC,Prachuap,29,37,34,42,58,63,37,BCL
2025-10-19,12:30,Chonburi FC,Chiangrai United,52,26,22,42,58,54,46,BCL
2025-10-19,13:00,Kanchanaburi,Uthai Thani,55,24,21,41,59,62,38,BCL
2025-10-19,15:00,AS Marsa,ES Metlaoui,49,28,23,66,34,41,59,BCL
2025-10-19,12:30,Kayserispor,Samsunspor,31,26,43,48,52,57,43,BCL
2025-10-19,15:00,Alanyaspor,Goztepe,30,28,42,39,61,53,47,BCL
2025-10-19,15:00,Gaziantep FK,Antalyaspor,56,25,19,48,52,55,45,BCL
2025-10-19,18:00,Fenerbahce,Fatih Karagumruk,86,9,5,31,69,43,57,BCL
2025-10-19,11:30,Ankara Keciorengucu,Sivasspor,42,26,32,49,51,57,43,BCL
2025-10-19,14:00,76 Igdir Belediyespor,Boluspor,62,22,16,43,57,57,43,BCL
2025-10-19,17:00,Esenler Erokspor,Bodrum FK,30,24,46,43,57,61,39,BCL
2025-10-19,11:00,Kastamonuspor 1966,Adana 1954 FK,31,36,33,57,43,57,43,BCL
2025-10-19,12:30,Ankaraspor,Erzin Spor,68,20,12,60,40,42,58,BCL
2025-10-19,13:00,Muğlaspor,24 Erzincanspor,77,18,5,59,41,34,66,BCL
2025-10-19,13:00,68 Aksaray Belediyespor,Bursaspor,25,24,51,46,54,57,43,BCL
2025-10-19,14:00,Karaman Belediyespor,Ankaragucu,31,25,44,45,55,60,40,BCL
2025-10-19,17:00,Şanlıurfaspor,Elazığspor,54,24,22,44,56,59,41,BCL
2025-10-19,17:00,Batman Petrolspor,Altınordu,85,10,5,34,66,31,69,BCL
2025-10-19,17:00,Buca FK,İnegölspor,5,15,80,40,60,40,60,BCL
2025-10-19,17:00,Isparta 32 Spor,Fethiyespor,44,26,30,46,54,59,41,BCL
2025-10-19,17:00,İçel İdmanyurdu Spor,Somaspor,29,36,35,42,58,63,37,BCL
2025-10-19,10:30,Ahrobiznes Volochysk,Probiy Horodenka,66,22,12,58,42,40,60,BCL
2025-10-19,11:00,LNZ Cherkasy,Kolos Kovalivka,46,33,21,75,25,29,71,BCL
2025-10-19,13:30,Veres Rivne,Oleksandria,31,37,32,56,44,58,42,BCL
2025-10-19,16:00,Karpaty,Epitsentr Dunayivtsi,68,19,13,38,62,56,44,BCL
2025-10-19,14:30,CA River Plate,Cerro Largo,30,28,42,66,34,41,59,BCL
2025-10-19,19:30,Club Atletico Progreso,Defensor Sporting,30,27,43,40,60,53,47,BCL
2025-10-19,22:30,Penarol,Montevideo Wanderers,77,16,7,59,41,35,65,BCL
2025-10-19,01:15,Tacuarembo,Albion FC,31,30,39,70,30,40,60,BCL
2025-10-19,19:30,Cerrito,Deportivo Maldonado,24,27,49,62,38,44,56,BCL
2025-10-19,20:00,Atenas,Rampla Juniors,45,30,25,66,34,41,59,BCL
2025-10-19,02:00,San Jose,Austin FC,55,22,23,33,67,69,31,BCL
2025-10-19,02:00,Colorado Rapids,LAFC,28,23,49,37,63,65,35,BCL
2025-10-19,02:00,Kansas City,Houston Dynamo,27,38,35,34,66,71,29,BCL
2025-10-19,02:00,St. Louis City SC,Real Salt Lake,26,39,35,31,69,71,29,BCL
2025-10-19,02:00,Vancouver Whitecaps,FC Dallas,68,19,13,31,69,63,37,BCL
2025-10-19,02:00,LA Galaxy,Minnesota Utd,28,37,35,35,65,69,31,BCL
2025-10-19,02:00,Portland Timbers,San Diego FC,27,37,36,34,66,69,31,BCL
2025-10-19,00:00,Indy Eleven,Loudoun United,45,25,30,40,60,65,35,BCL
2025-10-19,00:00,North Carolina,Rhode Island,40,28,32,41,59,54,46,BCL
2025-10-19,00:30,Tampa Bay Rowdies,Hartford Athletic,44,26,30,43,57,62,38,BCL
2025-10-19,01:00,Colorado Springs,Las Vegas Lights,67,21,12,60,40,42,58,BCL
2025-10-19,02:00,El Paso Locomotive,FC Tulsa,47,25,28,45,55,60,40,BCL
2025-10-19,03:00,Monterey Bay,Pittsburgh Riverhounds,27,27,46,61,39,38,62,BCL
2025-10-19,03:00,Orange County SC,Louisville City,27,26,47,43,57,62,38,BCL
2025-10-19,03:00,Phoenix Rising,San Antonio,50,25,25,44,56,60,40,BCL
2025-10-19,22:00,New Mexico United,Oakland Roots,51,24,25,42,58,61,39,BCL
2025-10-19,22:00,Birmingham Legion,Miami FC,52,24,24,38,62,65,35,BCL
2025-10-19,12:00,Pakhtakor,Qizilqum,80,15,5,59,41,34,66,BCL
2025-10-19,14:15,Neftchi,Olmaliq,63,23,14,53,47,45,55,BCL
2025-10-19,01:30,Caracas FC,Carabobo FC,30,37,33,73,27,38,62,BCL
2025-10-19,12:00,Pho Hien,Thanh Hóa,46,27,27,60,40,39,61,BCL
2025-10-19,12:00,Hai Phong,Hoang Anh Gia Lai,68,21,11,55,45,41,59,BCL
2025-10-19,13:15,Ho Chi Minh City,Hồng Lĩnh Hà Tĩnh,48,28,24,66,34,41,59,BCL
2025-10-19,12:00,Green Eagles,Nkana,38,35,27,78,22,32,68,BCL
