DATE,TIME,HOME TEAM,AWAY TEAM,HOME PER,DRAW PER,AWAY PER,UNDER 2.5,OVER 2.5,BTS,OTS,NAME
2025-10-25,16:00,Teuta Durrës,Flamurtari,58,26,16,62,38,41,59,BCL
2025-10-25,16:00,Partizani,Egnatia Rrogozhinë,29,30,41,71,29,39,61,BCL
2025-10-25,15:00,El Bayadh,MC Oran,39,31,30,72,28,38,62,BCL
2025-10-25,17:00,CS Constantine,Oued Akbou,59,25,16,62,38,40,60,BCL
2025-10-25,18:00,MB Rouisset,Ben Aknoun,56,28,16,70,30,35,65,BCL
2025-10-25,02:10,Independ. Rivadavia,River Plate,22,27,51,61,39,43,57,BCL
2025-10-25,14:00,Pyunik Yerevan,Gandzasar,81,13,6,34,66,43,57,BCL
2025-10-25,16:00,Ararat-Armenia,BKMA,78,15,7,37,63,43,57,BCL
2025-10-25,05:00,Auckland FC,Western Sydney Wanderers,56,22,22,45,55,57,43,BCL
2025-10-25,07:00,Melbourne City,Perth Glory,68,17,15,37,63,58,42,BCL
2025-10-25,09:35,Sydney FC,Central Coast Mariners,67,19,14,35,65,61,39,BCL
2025-10-25,16:00,SCR Altach,Hartberg,49,28,23,61,39,45,55,BCL
2025-10-25,16:00,LASK Linz,Grazer AK,65,23,12,43,57,55,45,BCL
2025-10-25,16:00,WSG Swarovski Tirol,FC Blau Weiss Linz,30,36,34,57,43,55,45,BCL
2025-10-25,19:00,Rapid Wien II,Austria Lustenau,19,22,59,43,57,58,42,BCL
2025-10-25,13:00,Union Mauer,Neusiedl,48,22,30,31,69,70,30,BCL
2025-10-25,14:30,Wiener Viktoria,TWL Elektra,71,18,11,30,70,62,38,BCL
2025-10-25,13:00,Bischofshofen,Imst,28,37,35,37,63,67,33,BCL
2025-10-25,13:00,Kitzbühel,Kufstein,59,21,20,37,63,63,37,BCL
2025-10-25,13:30,Wals-Grünau,TSV St. Johann,64,21,15,30,70,67,33,BCL
2025-10-25,15:00,Lauterach,Schwaz,14,18,68,29,71,65,35,BCL
2025-10-25,13:00,Araz,Sabah,30,35,35,64,36,38,62,BCL
2025-10-25,15:30,Zira,Sumqayıt,68,22,10,60,40,42,58,BCL
2025-10-25,12:00,Naftan,Dinamo Minsk,5,18,77,64,36,37,63,BCL
2025-10-25,14:00,Slavia Mozyr,Neman,40,32,28,41,59,54,46,BCL
2025-10-25,16:00,FC Gomel,FC Slutsk,53,32,15,66,34,38,62,BCL
2025-10-25,18:00,Bate Borisov,Torpedo Zhodino,16,29,55,58,42,45,55,BCL
2025-10-25,15:00,Westerlo,Dender,58,23,19,39,61,61,39,BCL
2025-10-25,17:15,KV Mechelen,OH Leuven,47,25,28,46,54,58,42,BCL
2025-10-25,19:45,Gent,Standard Liege,54,24,22,46,54,57,43,BCL
2025-10-25,15:00,Club Brugge II,Olympic Charleroi,59,22,19,39,61,63,37,BCL
2025-10-25,19:00,SK Beveren,Patro Eisden Maasmechelen,57,25,18,57,43,45,55,BCL
2025-10-25,19:00,Eupen,Genk II,65,20,15,39,61,57,43,BCL
2025-10-25,19:00,RFC Liege,RWDM Brussels,30,36,34,43,57,61,39,BCL
2025-10-25,15:00,Rudar Prijedor,Zeljeznicar Sarajevo,27,26,47,42,58,55,45,BCL
2025-10-25,19:45,Velež,Siroki Brijeg,57,24,19,57,43,40,60,BCL
2025-10-25,20:00,Atletico Mineiro,Ceara,51,26,23,66,34,39,61,BCL
2025-10-25,20:00,Vitoria,Corinthians,33,34,33,66,34,42,58,BCL
2025-10-25,21:30,Fluminense,Internacional,54,27,19,61,39,45,55,BCL
2025-10-25,22:30,Sport Recife,Mirassol,33,26,41,43,57,55,45,BCL
2025-10-25,23:30,Fortaleza,Flamengo,16,23,61,58,42,42,58,BCL
2025-10-25,01:35,Cuiaba,Remo,59,26,15,61,39,41,59,BCL
2025-10-25,20:00,Athletic Club MG,America MG,45,28,27,40,60,53,47,BCL
2025-10-25,20:00,Volta Redonda,Coritiba,30,30,40,67,33,41,59,BCL
2025-10-25,22:30,Paysandu,Avai,40,28,32,41,59,53,47,BCL
2025-10-25,21:00,Ponte Preta,Londrina,51,29,20,68,32,38,62,BCL
2025-10-25,11:00,Botev Vratsa,Septemvri Sofia,59,24,17,59,41,43,57,BCL
2025-10-25,13:30,Slavia Sofia,Cherno More Varna,29,27,44,43,57,53,47,BCL
2025-10-25,16:00,Levski Sofia,Dobrudzha 1919 Dobrich,83,12,5,37,63,34,66,BCL
2025-10-25,14:00,Lokomotiv G. Oryahovitsa,FK Minyor Pernik,62,23,15,58,42,43,57,BCL
2025-10-25,14:00,Belasitsa,Marek,32,35,33,64,36,44,56,BCL
2025-10-25,14:00,Chernomorets 1919 Burgas,Hebar 1918,56,26,18,62,38,41,59,BCL
2025-10-25,14:00,Vihren,Sevlievo,69,20,11,60,40,44,56,BCL
2025-10-25,14:00,Orlando Pirates,Saint Eloi Lupopo,76,17,7,39,61,57,43,BCL
2025-10-25,15:00,Young Africans FC,Silver Strikers,63,24,13,42,58,59,41,BCL
2025-10-25,18:00,Al Ahly Cairo,Aigle Noir,87,8,5,23,77,27,73,BCL
2025-10-25,19:00,JS Kabylie,US Monastir,50,24,26,58,42,45,55,BCL
2025-10-25,20:00,FAR Rabat,Horoya,77,18,5,61,39,24,76,BCL
2025-10-25,14:30,USM Alger,AFAD Djekanou,77,18,5,42,58,57,43,BCL
2025-10-25,17:00,Singida Black Stars,Flambeau Centre,71,17,12,57,43,34,66,BCL
2025-10-25,17:00,Stade Tunisien,OC Safi,51,25,24,66,34,37,63,BCL
2025-10-25,17:00,Coton Sport Ouidah,San Pedro FC,33,23,44,62,38,43,57,BCL
2025-10-25,19:00,La Serena,Audax Italiano,41,27,32,45,55,61,39,BCL
2025-10-25,21:30,Huachipato,Deportes Iquique,53,24,23,43,57,59,41,BCL
2025-10-25,16:30,Union San Felipe,Santiago Morning,46,28,26,61,39,45,55,BCL
2025-10-25,16:30,Recoleta,Curico Unido,43,29,28,62,38,44,56,BCL
2025-10-25,16:30,Deportes Santa Cruz,San Marcos de Arica,31,35,34,60,40,54,46,BCL
2025-10-25,08:30,Tianjin Jinmen Tigers,Changchun Yatai,58,24,18,45,55,58,42,BCL
2025-10-25,12:00,Henan,Zhejiang,55,21,24,27,73,73,27,BCL
2025-10-25,00:00,Fortaleza CEIF,Deportivo Pasto,58,28,14,66,34,35,65,BCL
2025-10-25,02:10,Deportivo Pereira,Aguilas Doradas,54,27,19,43,57,53,47,BCL
2025-10-25,02:10,America de Cali,Junior,52,29,19,59,41,45,55,BCL
2025-10-25,20:00,Envigado FC,Boyaca Chico,47,31,22,65,35,43,57,BCL
2025-10-25,21:00,Deportes Tolima,Deportivo Cali,57,24,19,59,41,43,57,BCL
2025-10-25,22:10,Atletico Bucaramanga,Llaneros,67,22,11,59,41,35,65,BCL
2025-10-25,21:00,Bogota FC,Leones FC,57,24,19,52,48,40,60,BCL
2025-10-25,22:00,Barranquilla,Tigres FC,45,29,26,62,38,39,61,BCL
2025-10-25,22:00,Cucuta,Orsomarso,63,24,13,60,40,41,59,BCL
2025-10-25,20:00,Escorpiones Belén,Pitbulls Santa Barbara FC,61,21,18,38,62,60,40,BCL
2025-10-25,02:00,AD San Carlos,Guadalupe FC,50,25,25,49,51,57,43,BCL
2025-10-25,14:45,NK Lokomotiva Zagreb,Istra 1961,42,27,31,49,51,57,43,BCL
2025-10-25,17:00,NK Varazdin,Slaven Belupo,51,26,23,45,55,55,45,BCL
2025-10-25,12:30,Opatija,Bijelo Brdo,50,28,22,65,35,41,59,BCL
2025-10-25,14:00,NK Jarun,Karlovac,28,28,44,60,40,45,55,BCL
2025-10-25,15:00,Ethnikos Achna,Enosis,56,25,19,56,44,40,60,BCL
2025-10-25,17:00,Olympiakos Nicosia,Apollon Limassol,17,25,58,60,40,41,59,BCL
2025-10-25,13:00,Iraklis Yerolakkou,Digenis Morphou,10,16,74,64,36,43,57,BCL
2025-10-25,13:00,Ayia Napa,PAEEK,26,27,47,64,36,38,62,BCL
2025-10-25,13:00,Nea Salamis,Halkanoras,84,10,6,32,68,42,58,BCL
2025-10-25,13:00,Doxa,Ahironas / Onisilos,85,10,5,57,43,45,55,BCL
2025-10-25,14:00,Dukla Praha,Slovacko,45,28,27,61,39,45,55,BCL
2025-10-25,14:00,Hradec Kralove,FK Teplice,55,24,21,55,45,45,55,BCL
2025-10-25,14:00,Mlada Boleslav,MFK Karvina,46,24,30,37,63,66,34,BCL
2025-10-25,14:00,FC Zlin,Pardubice,52,25,23,45,55,55,45,BCL
2025-10-25,17:00,Slovan Liberec,FK Jablonec,42,29,29,42,58,55,45,BCL
2025-10-25,13:30,Hanacka Slavia Kromeriz,Vysocina Jihlava,45,25,30,48,52,57,43,BCL
2025-10-25,13:30,FK Pribram,MFK Chrudim,44,26,30,48,52,57,43,BCL
2025-10-25,13:30,FC Silon Taborsko,Slavia Prague B,60,23,17,46,54,53,47,BCL
2025-10-25,16:00,SK Artis Brno,Opava,52,28,20,59,41,45,55,BCL
2025-10-25,09:15,Loko Vltavín,Kladno,5,18,77,39,61,42,58,BCL
2025-10-25,09:15,Motorlet Praha,Slavia III,32,22,46,31,69,70,30,BCL
2025-10-25,09:00,Kolín,Neratovice-Byškovice,53,23,24,36,64,67,33,BCL
2025-10-25,09:15,Jablonec II,Teplice II,47,23,30,33,67,69,31,BCL
2025-10-25,13:00,Arsenal Česká Lípa,Slovan Velvary,85,10,5,22,78,40,60,BCL
2025-10-25,09:15,Třinec,Vítkovice,79,15,6,31,69,54,46,BCL
2025-10-25,13:30,Blansko,Sigma Olomouc II,5,8,87,20,80,56,44,BCL
2025-10-25,13:30,Unie Hlubina,Polanka nad Odrou,58,20,22,29,71,69,31,BCL
2025-10-25,13:30,Hodonín,Frýdek-Místek,62,21,17,37,63,62,38,BCL
2025-10-25,13:00,AaB,Lyngby,41,26,33,42,58,61,39,BCL
2025-10-25,13:00,Aarhus Fremad,Esbjerg,53,24,23,40,60,63,37,BCL
2025-10-25,13:00,Hobro IK,Hillerød,29,36,35,45,55,61,39,BCL
2025-10-25,12:00,Ishøj,Naestved,31,23,46,47,53,58,42,BCL
2025-10-25,12:30,VSK Århus,Roskilde,12,20,68,42,58,54,46,BCL
2025-10-25,13:00,AB Copenhagen,Brabrand,80,13,7,24,76,59,41,BCL
2025-10-25,13:00,HIK,Skive,51,23,26,63,37,39,61,BCL
2025-10-25,21:00,Jarabacoa,Moca,16,21,63,64,36,38,62,BCL
2025-10-25,01:00,Orense,Universidad Catolica del Ecuador,28,36,36,57,43,53,47,BCL
2025-10-25,20:00,Mushuc Runa,Manta FC,70,19,11,60,40,45,55,BCL
2025-10-25,22:30,Barcelona Guayaquil,Libertad FC,67,17,16,43,57,53,47,BCL
2025-10-25,15:00,Haras El Hodood,Ghazl El Mehalla,25,33,42,76,24,35,65,BCL
2025-10-25,18:00,Future FC,El Mokawloon,45,32,23,71,29,38,62,BCL
2025-10-25,22:00,Zacatecoluca,Águila,20,23,57,57,43,38,62,BCL
2025-10-25,15:00,Chelsea,Sunderland,72,18,10,60,40,43,57,BCL
2025-10-25,15:00,Newcastle,Fulham,61,23,16,45,55,55,45,BCL
2025-10-25,17:30,Man Utd,Brighton,51,24,25,37,63,66,34,BCL
2025-10-25,20:00,Brentford,Liverpool,21,21,58,35,65,63,37,BCL
2025-10-25,12:30,Coventry,Watford,68,19,13,41,59,55,45,BCL
2025-10-25,12:30,Ipswich,West Brom,58,24,18,45,55,53,47,BCL
2025-10-25,12:30,Portsmouth,Stoke,32,35,33,55,45,57,43,BCL
2025-10-25,15:00,Blackburn,Southampton,30,27,43,45,55,55,45,BCL
2025-10-25,15:00,Bristol City,Birmingham,45,27,28,43,57,53,47,BCL
2025-10-25,15:00,Derby,QPR,31,36,33,57,43,53,47,BCL
2025-10-25,15:00,Hull,Charlton,41,27,32,45,55,55,45,BCL
2025-10-25,15:00,Middlesbrough,Wrexham,58,25,17,45,55,53,47,BCL
2025-10-25,15:00,Millwall,Leicester,31,35,34,57,43,53,47,BCL
2025-10-25,15:00,Sheff Wed,Oxford Utd,30,35,35,55,45,57,43,BCL
2025-10-25,15:00,Swansea,Norwich,46,27,27,48,52,57,43,BCL
2025-10-25,12:30,Bolton,Cardiff,52,24,24,43,57,59,41,BCL
2025-10-25,12:30,Mansfield,Wigan,42,28,30,42,58,55,45,BCL
2025-10-25,15:00,AFC Wimbledon,Burton Albion,53,25,22,59,41,45,55,BCL
2025-10-25,15:00,Barnsley,Rotherham,55,24,21,42,58,61,39,BCL
2025-10-25,15:00,Leyton Orient,Lincoln City,30,37,33,49,51,57,43,BCL
2025-10-25,15:00,Northampton,Luton,20,27,53,61,39,43,57,BCL
2025-10-25,15:00,Peterborough,Blackpool,43,25,32,46,54,58,42,BCL
2025-10-25,15:00,Reading,Doncaster,45,25,30,46,54,58,42,BCL
2025-10-25,15:00,Stevenage,Bradford,43,27,30,42,58,53,47,BCL
2025-10-25,15:00,Wycombe,Huddersfield,47,27,26,45,55,55,45,BCL
2025-10-25,12:30,Cheltenham,Walsall,21,23,56,57,43,45,55,BCL
2025-10-25,12:30,Fleetwood Town,Accrington Stanley,49,26,25,43,57,53,47,BCL
2025-10-25,15:00,Barrow,Barnet,22,23,55,49,51,53,47,BCL
2025-10-25,15:00,Bromley,Milton Keynes Dons,29,37,34,49,51,57,43,BCL
2025-10-25,15:00,Crawley Town,Bristol Rovers,43,25,32,46,54,59,41,BCL
2025-10-25,15:00,Crewe,Grimsby,30,35,35,46,54,59,41,BCL
2025-10-25,15:00,Gillingham,Salford City,30,36,34,57,43,55,45,BCL
2025-10-25,15:00,Harrogate Town,Newport County,49,27,24,49,51,57,43,BCL
2025-10-25,15:00,Notts County,Cambridge Utd,43,27,30,60,40,45,55,BCL
2025-10-25,15:00,Oldham,Shrewsbury,53,26,21,58,42,45,55,BCL
2025-10-25,15:00,Swindon,Colchester,47,26,27,43,57,61,39,BCL
2025-10-25,15:00,Tranmere,Chesterfield,30,26,44,46,54,59,41,BCL
2025-10-25,12:30,Halifax,York,19,23,58,42,58,59,41,BCL
2025-10-25,15:00,Braintree Town,Altrincham,32,24,44,43,57,61,39,BCL
2025-10-25,15:00,Eastleigh,Morecambe,54,23,23,39,61,63,37,BCL
2025-10-25,15:00,Forest Green,Boreham Wood,50,24,26,49,51,55,45,BCL
2025-10-25,15:00,Gateshead,Truro City,52,22,26,43,57,59,41,BCL
2025-10-25,15:00,Hartlepool,Solihull Moors,62,20,18,40,60,57,43,BCL
2025-10-25,15:00,Scunthorpe,Aldershot,59,23,18,37,63,63,37,BCL
2025-10-25,15:00,Southend,Brackley,59,25,16,57,43,45,55,BCL
2025-10-25,15:00,Wealdstone,Sutton Utd,47,25,28,42,58,61,39,BCL
2025-10-25,15:00,Woking,Rochdale,22,24,54,43,57,58,42,BCL
2025-10-25,15:00,Yeovil,Carlisle,23,25,52,49,51,57,43,BCL
2025-10-25,17:30,Tamworth,Boston Utd,57,23,20,46,54,55,45,BCL
2025-10-25,15:00,AFC Fylde,Hereford,64,20,16,37,63,59,41,BCL
2025-10-25,15:00,AFC Telford,Worksop Town,55,23,22,42,58,59,41,BCL
2025-10-25,15:00,Buxton,Alfreton Town,65,19,16,42,58,53,47,BCL
2025-10-25,15:00,Chester,Bedford Town,69,20,11,41,59,53,47,BCL
2025-10-25,15:00,Chorley,Merthyr Town,70,19,11,34,66,61,39,BCL
2025-10-25,15:00,Curzon Ashton,Peterborough Sports,55,23,22,46,54,55,45,BCL
2025-10-25,15:00,Darlington,Southport,43,25,32,46,54,57,43,BCL
2025-10-25,15:00,Kidderminster,Spennymoor Town,54,23,23,43,57,59,41,BCL
2025-10-25,15:00,Kings Lynn Town,Radcliffe FC,31,23,46,42,58,61,39,BCL
2025-10-25,15:00,Macclesfield FC,South Shields,33,22,45,41,59,63,37,BCL
2025-10-25,15:00,Oxford City,Leamington,61,22,17,45,55,53,47,BCL
2025-10-25,15:00,Scarborough Athletic,Marine,57,22,21,41,59,59,41,BCL
2025-10-25,12:30,Kuressaare,Kalju Nomme,11,18,71,31,69,60,40,BCL
2025-10-25,12:30,Laagri,Trans Narva,19,22,59,36,64,64,36,BCL
2025-10-25,15:00,Tammeka,Tallinna Kalev,61,20,19,24,76,73,27,BCL
2025-10-25,14:30,TB,B68,20,17,63,31,69,38,62,BCL
2025-10-25,14:30,B36 Torshavn,Suduroy,87,8,5,16,84,56,44,BCL
2025-10-25,14:30,Vikingur Gota,HB,43,23,34,32,68,70,30,BCL
2025-10-25,14:30,NSI Runavik,KI Klaksvik,28,25,47,47,53,59,41,BCL
2025-10-25,14:30,07 Vestur,EB / Streymur,75,16,9,22,78,66,34,BCL
2025-10-25,15:00,IF Gnistan,FC Ilves,15,18,67,27,73,69,31,BCL
2025-10-25,16:00,Brest,PSG,10,15,75,34,66,55,45,BCL
2025-10-25,18:00,Monaco,Toulouse,55,24,21,39,61,63,37,BCL
2025-10-25,20:00,Lens,Marseille,27,38,35,43,57,63,37,BCL
2025-10-25,13:00,Amiens,Rodez,30,26,44,42,58,63,37,BCL
2025-10-25,13:00,Montpellier,Nancy,47,27,26,42,58,53,47,BCL
2025-10-25,19:00,Annecy,St Etienne,27,25,48,45,55,55,45,BCL
2025-10-25,14:30,Augsburg,RB Leipzig,27,22,51,31,69,69,31,BCL
2025-10-25,14:30,Borussia Mgladbach,Bayern Munich,7,12,81,23,77,61,39,BCL
2025-10-25,14:30,Eintracht Frankfurt,St Pauli,59,21,20,37,63,61,39,BCL
2025-10-25,14:30,Hamburg,Wolfsburg,42,26,32,41,59,66,34,BCL
2025-10-25,14:30,TSG Hoffenheim,Heidenheim,63,20,17,34,66,63,37,BCL
2025-10-25,17:30,Borussia Dortmund,Cologne,71,17,12,31,69,61,39,BCL
2025-10-25,12:00,Arminia Bielefeld,Elversberg,32,24,44,34,66,69,31,BCL
2025-10-25,12:00,Holstein Kiel,Bochum,52,22,26,38,62,63,37,BCL
2025-10-25,12:00,Dynamo Dresden,Paderborn,30,23,47,39,61,63,37,BCL
2025-10-25,19:30,Hertha Berlin,Fortuna Dusseldorf,54,23,23,38,62,65,35,BCL
2025-10-25,13:00,Cottbus,TSV Havelse,75,14,11,29,71,59,41,BCL
2025-10-25,13:00,FC Ingolstadt,Saarbrucken,44,23,33,37,63,66,34,BCL
2025-10-25,13:00,Waldhof Mannheim,1860 Munich,41,26,33,43,57,61,39,BCL
2025-10-25,13:00,Jahn Regensburg,VfB Stuttgart II,42,25,33,42,58,63,37,BCL
2025-10-25,13:00,Verl,SSV Ulm 1846,51,23,26,37,63,65,35,BCL
2025-10-25,15:30,Schweinfurt 05,VfL Osnabruck,20,23,57,45,55,57,43,BCL
2025-10-25,15:00,AE Kifisias,Panetolikos,53,27,20,57,43,45,55,BCL
2025-10-25,17:30,Panserraikos,Larissa,42,29,29,45,55,57,43,BCL
2025-10-25,18:00,OFI Crete,Atromitos Athinon,48,28,24,43,57,55,45,BCL
2025-10-25,22:00,Mixco,Mictlán,70,22,8,61,39,34,66,BCL
2025-10-25,22:00,CD Marathon,CD Motagua,62,23,15,61,39,41,59,BCL
2025-10-25,13:30,Puskas Academy,MTK Budapest,57,21,22,35,65,65,35,BCL
2025-10-25,16:00,Diosgyori VTK,Paksi,21,20,59,31,69,69,31,BCL
2025-10-25,18:30,Nyiregyhaza,Kazincbarcikai BSC,55,24,21,46,54,57,43,BCL
2025-10-25,13:00,IBV Vestmannaeyjar,KA Akureyri,26,39,35,29,71,72,28,BCL
2025-10-25,15:00,FH hafnarfjordur,Fram Reykjavik,54,22,24,29,71,69,31,BCL
2025-10-25,15:00,Vestri,KR Reykjavik,26,23,51,31,69,69,31,BCL
2025-10-25,15:00,IA Akranes,Afturelding,28,24,48,30,70,70,30,BCL
2025-10-25,17:15,Vikingur Reykjavik,Valur Reykjavik,59,21,20,24,76,73,27,BCL
2025-10-25,09:30,Persik Kediri,PSM Makassar,45,27,28,41,59,54,46,BCL
2025-10-25,13:00,Bali United,Persita,59,23,18,44,56,57,43,BCL
2025-10-25,17:15,Hapoel Haifa,Beitar Jerusalem,20,23,57,38,62,63,37,BCL
2025-10-25,17:15,MS Ashdod,Hapoel Petach Tikva,31,25,44,43,57,63,37,BCL
2025-10-25,17:30,Ironi Tiberias,Maccabi Haifa,12,17,71,37,63,55,45,BCL
2025-10-25,17:30,Hapoel Jerusalem FC,Bnei Sakhnin,46,27,27,42,58,53,47,BCL
2025-10-25,18:00,Maccabi Netanya,Hapoel Tel-Aviv,29,23,48,40,60,63,37,BCL
2025-10-25,14:00,Parma,Como,24,25,51,45,55,55,45,BCL
2025-10-25,14:00,Udinese,Lecce,55,26,19,57,43,43,57,BCL
2025-10-25,17:00,Napoli,Inter Milan,31,28,41,43,57,55,45,BCL
2025-10-25,19:45,Cremonese,Atalanta,18,20,62,64,36,45,55,BCL
2025-10-25,14:00,Avellino,Spezia,33,34,33,66,34,42,58,BCL
2025-10-25,14:00,Virtus Entella,Pescara,55,25,20,59,41,43,57,BCL
2025-10-25,14:00,Monza,AC Reggiana,67,23,10,55,45,43,57,BCL
2025-10-25,14:00,Sampdoria,Frosinone,44,29,27,40,60,53,47,BCL
2025-10-25,14:00,Sudtirol,Cesena,32,28,40,61,39,45,55,BCL
2025-10-25,16:15,Carrarese,Venezia,30,28,42,42,58,55,45,BCL
2025-10-25,18:30,Catanzaro,Palermo,26,28,46,41,59,53,47,BCL
2025-10-25,06:00,FC Tokyo,Fagiano Okayama,48,28,24,60,40,45,55,BCL
2025-10-25,06:00,Kashiwa Reysol,Yokohama FC,63,22,15,61,39,45,55,BCL
2025-10-25,06:00,Kyoto Sanga FC,Kashima Antlers,33,25,42,43,57,61,39,BCL
2025-10-25,06:00,Nagoya Grampus,Gamba Osaka,30,36,34,55,45,57,43,BCL
2025-10-25,06:00,Shimizu S-Pulse,Tokyo Verdy,40,30,30,65,35,42,58,BCL
2025-10-25,06:00,Urawa Red Diamonds,Machida Zelvia,27,27,46,45,55,55,45,BCL
2025-10-25,06:00,Yokohama F-Marinos,Sanfrecce Hiroshima,20,24,56,46,54,57,43,BCL
2025-10-25,07:00,Cerezo Osaka,Kawasaki Frontale,27,37,36,33,67,71,29,BCL
2025-10-25,06:00,Fujieda MYFC,Ventforet Kofu,45,27,28,49,51,57,43,BCL
2025-10-25,09:00,V-Varen Nagasaki,FC Imabari,55,23,22,42,58,59,41,BCL
2025-10-25,12:00,Homeboyz,Ulinzi Stars,30,39,31,76,24,38,62,BCL
2025-10-25,12:00,Ballkani,Gjilani,65,22,13,55,45,41,59,BCL
2025-10-25,12:00,Prishtina e Re,Malisheva,28,26,46,57,43,38,62,BCL
2025-10-25,17:30,Prishtina,Dukagjini,63,22,15,54,46,41,59,BCL
2025-10-25,12:00,BFC Daugavpils,Super Nova,57,22,21,42,58,60,40,BCL
2025-10-25,14:00,FK Liepaja,FS Jelgava,57,23,20,46,54,57,43,BCL
2025-10-25,12:00,TransINVEST Vilnius,FA Šiauliai II,87,8,5,57,43,45,55,BCL
2025-10-25,12:00,Babrungas,Hegelmann II,70,18,12,31,69,65,35,BCL
2025-10-25,16:00,Jonava,Atmosfera,48,24,28,63,37,39,61,BCL
2025-10-25,13:30,Struga,Akademija Pandev,81,14,5,40,60,36,64,BCL
2025-10-25,14:45,Valletta FC,Hibernians,64,22,14,55,45,44,56,BCL
2025-10-25,18:00,Floriana,Birkirkara,48,29,23,66,34,41,59,BCL
2025-10-25,02:00,Alebrijes de Oaxaca,Tepatitlán,27,24,49,40,60,64,36,BCL
2025-10-25,04:00,CA La Paz,Irapuato,28,37,35,37,63,68,32,BCL
2025-10-25,02:00,Juarez FC,Puebla,59,24,17,46,54,55,45,BCL
2025-10-25,04:00,Mazatlan FC,Club America,13,19,68,38,62,57,43,BCL
2025-10-25,04:00,Tigres de Alica,Tecos,16,22,62,56,44,44,56,BCL
2025-10-25,02:30,Gorilas de Juanacatlan,Artesanos Metepec,30,36,34,41,59,64,36,BCL
2025-10-25,03:00,FC Racing,Caja Oblatos CFD,79,16,5,58,42,22,78,BCL
2025-10-25,08:00,Khangarid,Khovd,71,15,14,25,75,42,58,BCL
2025-10-25,16:00,Ittihad Tanger,MAS Fes,28,32,40,73,27,37,63,BCL
2025-10-25,18:00,Raja Casablanca,Olympique Dcheira,73,21,6,57,43,34,66,BCL
2025-10-25,15:30,Fortuna Sittard,FC Groningen,33,28,39,45,55,57,43,BCL
2025-10-25,17:45,Sparta Rotterdam,Telstar,54,23,23,35,65,66,34,BCL
2025-10-25,19:00,FC Volendam,Heracles,46,24,30,39,61,63,37,BCL
2025-10-25,20:00,PEC Zwolle,NEC,29,24,47,37,63,69,31,BCL
2025-10-25,15:30,ADO Den Haag,FC Den Bosch,85,9,6,25,75,55,45,BCL
2025-10-25,13:30,Excelsior Maassluis,HHC,22,22,56,42,58,60,40,BCL
2025-10-25,13:30,GVVV Veenendaal,ACV,62,20,18,31,69,66,34,BCL
2025-10-25,13:30,Hoek,Ijsselmeervogels,61,20,19,29,71,69,31,BCL
2025-10-25,13:30,RKAV Volendam,Quick Boys,19,20,61,32,68,66,34,BCL
2025-10-25,13:30,Koninklijke HFC,Almere City II,27,37,36,38,62,66,34,BCL
2025-10-25,14:00,Sparta Rotterdam II,Kozakken Boys,25,38,37,30,70,71,29,BCL
2025-10-25,14:00,Spakenburg,AFC Amsterdam,54,22,24,36,64,65,35,BCL
2025-10-25,14:30,Katwijk,Barendrecht,57,21,22,31,69,68,32,BCL
2025-10-25,17:00,De Treffers,Rijnsburgse Boys,27,37,36,38,62,66,34,BCL
2025-10-25,15:00,Ards,Institute,58,22,20,40,60,62,38,BCL
2025-10-25,15:00,Dundela,Limavady United,17,21,62,39,61,60,40,BCL
2025-10-25,15:00,H&W Welders,Ballinamallard United,72,17,11,29,71,63,37,BCL
2025-10-25,15:00,Loughgall,Newington Youth,49,22,29,39,61,65,35,BCL
2025-10-25,15:00,Carrick Rangers,Cliftonville FC,33,25,42,46,54,60,40,BCL
2025-10-25,15:00,Crusaders FC,Glentoran,18,23,59,46,54,55,45,BCL
2025-10-25,15:00,Dungannon Swifts,Glenavon FC,57,24,19,47,53,56,44,BCL
2025-10-25,15:00,Linfield,Ballymena United,73,18,9,60,40,44,56,BCL
2025-10-25,15:00,Portadown,Coleraine FC,14,20,66,44,56,54,46,BCL
2025-10-25,17:30,Larne,Bangor,73,18,9,60,40,42,58,BCL
2025-10-25,15:00,Viking FK,Bryne,76,16,8,34,66,55,45,BCL
2025-10-25,17:00,Sarpsborg,KFUM,32,27,41,46,54,59,41,BCL
2025-10-25,13:00,Skeid,Raufoss,21,22,57,39,61,61,39,BCL
2025-10-25,15:00,Asane,IK Start,20,23,57,41,59,59,41,BCL
2025-10-25,15:00,Hodd,Stabaek,22,23,55,39,61,63,37,BCL
2025-10-25,15:00,Lillestrom,Ranheim,77,13,10,27,73,57,43,BCL
2025-10-25,15:00,Lyn 1896,Kongsvinger,26,37,37,33,67,71,29,BCL
2025-10-25,15:00,Mjondalen,Odd BK,30,25,45,39,61,65,35,BCL
2025-10-25,15:00,Moss,Aalesund,23,22,55,37,63,63,37,BCL
2025-10-25,15:00,Sogndal,Egersunds,46,24,30,37,63,66,34,BCL
2025-10-25,12:00,Vard,Flekkerøy,67,18,15,28,72,66,34,BCL
2025-10-25,12:00,Brann II,Træff,31,22,47,26,74,75,25,BCL
2025-10-25,12:00,Pors Grenland,Notodden,27,39,34,33,67,69,31,BCL
2025-10-25,12:00,Eik-Tønsberg,Sandnes ULF,14,18,68,28,72,66,34,BCL
2025-10-25,12:00,Arendal,jerv,46,22,32,27,73,73,27,BCL
2025-10-25,12:00,Sotra,Lysekloster,70,18,12,32,68,61,39,BCL
2025-10-25,12:00,Levanger,Strindheim,75,15,10,20,80,69,31,BCL
2025-10-25,12:00,Rana,Stjørdals-Blink,30,21,49,24,76,76,24,BCL
2025-10-25,12:00,Tromsdalen Uil,Grorud,50,22,28,25,75,75,25,BCL
2025-10-25,12:00,Eidsvold,Ull/Kisa,49,21,30,19,81,80,20,BCL
2025-10-25,12:00,Follo,Strommen,11,15,74,23,77,67,33,BCL
2025-10-25,12:00,Kjelsås,Alta,74,15,11,18,82,71,29,BCL
2025-10-25,12:00,Hønefoss,Asker,81,13,6,15,85,69,31,BCL
2025-10-25,15:00,Kristiansund II,Aalesund II,22,40,38,64,36,38,62,BCL
2025-10-25,13:55,Nizwa,Dhofar,15,19,66,42,58,62,38,BCL
2025-10-25,17:00,Ibri Club,Sur SC,31,26,43,40,60,62,38,BCL
2025-10-25,02:30,San Francisco FC,Herrera,60,23,17,57,43,44,56,BCL
2025-10-25,21:30,Club Atlético Tembetary,Sportivo Luqueno,27,25,48,45,55,55,45,BCL
2025-10-25,19:00,Ayacucho FC,Deportivo Garcilaso,44,25,31,42,58,53,47,BCL
2025-10-25,21:15,Alianza Atletico,Cienciano,50,26,24,49,51,55,45,BCL
2025-10-25,10:45,Maharlika Taguig FC,Mendiola FC,86,9,5,13,87,56,44,BCL
2025-10-25,13:30,Tuloy FC,Dynamic Herb Cebu FC,5,7,88,15,85,62,38,BCL
2025-10-25,13:45,Arka Gdynia,Piast Gliwice,32,35,33,61,39,45,55,BCL
2025-10-25,16:30,Pogon Szczecin,Cracovia Krakow,29,37,34,43,57,61,39,BCL
2025-10-25,19:15,GKS Katowice,Korona Kielce,40,28,32,46,54,58,42,BCL
2025-10-25,18:30,Polonia Warsaw,Polonia Bytom,44,23,33,41,59,63,37,BCL
2025-10-25,18:30,Pogon Siedlce,LKS Lodz,26,24,50,42,58,61,39,BCL
2025-10-25,18:30,Slask Wroclaw,Gornik Leczna,65,19,16,40,60,57,43,BCL
2025-10-25,12:15,Hutnik Kraków,Zaglebie Sosnowiec,29,37,34,38,62,66,34,BCL
2025-10-25,13:00,Jastrzębie,Podbeskidzie,17,22,61,43,57,58,42,BCL
2025-10-25,13:30,Rekord Bielsko-Biała,Olimpia Grudziądz,30,36,34,41,59,65,35,BCL
2025-10-25,16:00,Chojniczanka Chojnice,Podhale Nowy Targ,31,35,34,46,54,60,40,BCL
2025-10-25,18:00,Santa Clara,AVS,67,23,10,62,38,35,65,BCL
2025-10-25,20:30,Estrela Amadora,Rio Ave,31,35,34,59,41,53,47,BCL
2025-10-25,20:30,Benfica,FC Arouca,84,11,5,31,69,42,58,BCL
2025-10-25,11:00,UD Leiria,Leixoes,50,27,23,59,41,45,55,BCL
2025-10-25,11:00,Sporting B,Lusitania Lourosa,47,27,26,59,41,45,55,BCL
2025-10-25,14:00,Pacos Ferreira,Portimonense,30,35,35,57,43,55,45,BCL
2025-10-25,15:30,Academico Viseu,Chaves,33,34,33,63,37,43,57,BCL
2025-10-25,15:30,Feirense,Benfica B,43,28,29,43,57,55,45,BCL
2025-10-25,15:30,São João Ver,SC Braga B,33,34,33,60,40,55,45,BCL
2025-10-25,18:30,AD Marco 09,Trofense,31,29,40,68,32,41,59,BCL
2025-10-25,20:00,Fafe,Guimaraes B,57,25,18,59,41,44,56,BCL
2025-10-25,15:30,Al Ahli Doha,Al-Gharafa,25,22,53,30,70,69,31,BCL
2025-10-25,15:30,Al-Duhail SC,Al Shamal,56,22,22,29,71,70,30,BCL
2025-10-25,17:30,Al Sadd,Al-Arabi SC,68,17,15,20,80,72,28,BCL
2025-10-25,19:45,Sligo Rovers,Cork City,64,21,15,45,55,53,47,BCL
2025-10-25,14:00,Otelul Galati,Universitatea Cluj,31,37,32,63,37,45,55,BCL
2025-10-25,19:00,CFR Cluj,Farul Constanta,55,25,20,46,54,55,45,BCL
2025-10-25,09:00,Sepsi OSK Sfantu Gheorghe,Gloria Bistriţa,80,15,5,39,61,37,63,BCL
2025-10-25,09:00,CSM Reşiţa,Politehnica Iasi,58,23,19,46,54,55,45,BCL
2025-10-25,09:00,CSM Satu Mare,CSA Steaua Bucureşti,12,19,69,64,36,38,62,BCL
2025-10-25,09:00,Corvinul Hunedoara,FC Bacau,81,14,5,37,63,40,60,BCL
2025-10-25,09:00,Concordia,Metalul Buzău,54,26,20,46,54,56,44,BCL
2025-10-25,09:00,Viitorul Şelimbăr,Ceahlăul Piatra Neamţ,57,24,19,46,54,57,43,BCL
2025-10-25,09:00,Dumbrăviţa,Muscelul Câmpulung Elite,60,23,17,46,54,56,44,BCL
2025-10-25,09:00,ASA Targu Mures,Slatina,56,24,20,44,56,59,41,BCL
2025-10-25,11:30,Chindia Targoviste,FC Voluntari,48,27,25,42,58,55,45,BCL
2025-10-25,12:00,Spartak Moscow,FC Orenburg,70,18,12,31,69,59,41,BCL
2025-10-25,14:30,FC Rostov,Dinamo Makhachkala,51,29,20,68,32,38,62,BCL
2025-10-25,12:00,FC UFA,FK Neftekhimik,42,30,28,71,29,39,61,BCL
2025-10-25,12:00,FK Sokol Saratov,Volga Ulyanovsk,32,35,33,63,37,43,57,BCL
2025-10-25,15:00,Chernomorets,Chelyabinsk,44,31,25,70,30,39,61,BCL
2025-10-25,15:00,Shinnik Yaroslavl,Spartak Kostroma,33,30,37,70,30,40,60,BCL
2025-10-25,17:00,Torpedo Moskva,Chayka,72,19,9,53,47,37,63,BCL
2025-10-25,14:00,Folgore,Pennarossa,84,11,5,31,69,36,64,BCL
2025-10-25,15:40,Al Qadisiya Al Khubar,Al Akhdoud,72,17,11,38,62,53,47,BCL
2025-10-25,15:55,Al Shabab Riyadh,Damac FC,64,20,16,43,57,53,47,BCL
2025-10-25,19:00,Al Hazm,Al-Nassr Riyadh,7,10,83,25,75,53,47,BCL
2025-10-25,15:00,Dundee Utd,St Mirren,44,25,31,48,52,57,43,BCL
2025-10-25,15:00,Falkirk,Dundee,61,22,17,45,55,55,45,BCL
2025-10-25,15:00,Livingston,Motherwell,27,25,48,45,55,58,42,BCL
2025-10-25,15:00,Clyde,Annan Athletic,47,23,30,43,57,59,41,BCL
2025-10-25,15:00,Cumbernauld Colts,Bonnyrigg Rose,29,21,50,29,71,71,29,BCL
2025-10-25,15:00,Caledonian Braves,Stirling,34,20,46,46,54,55,45,BCL
2025-10-25,15:00,Airdrieonians,Arbroath,30,26,44,45,55,55,45,BCL
2025-10-25,15:00,Morton,St Johnstone,18,23,59,64,36,45,55,BCL
2025-10-25,15:00,Queens Park,Ayr,23,26,51,59,41,43,57,BCL
2025-10-25,15:00,Raith,Partick,41,28,31,60,40,45,55,BCL
2025-10-25,15:00,Ross County,Dunfermline,45,28,27,42,58,53,47,BCL
2025-10-25,15:00,Alloa,Stenhousemuir,28,37,35,55,45,53,47,BCL
2025-10-25,15:00,Kelty Hearts,East Fife,21,24,55,45,55,57,43,BCL
2025-10-25,15:00,Montrose,Cove Rangers,48,25,27,45,55,53,47,BCL
2025-10-25,15:00,Peterhead,Inverness CT,16,20,64,41,59,57,43,BCL
2025-10-25,14:00,Radnicki 1923,TSC Backa Topola,55,25,20,44,56,59,41,BCL
2025-10-25,16:00,Radnik Surdulica,FK Spartak Zdrepceva KRV,47,26,27,44,56,57,43,BCL
2025-10-25,17:00,Železničar Pančevo,Cukaricki,44,26,30,43,57,62,38,BCL
2025-10-25,13:00,FAP,Zemun,44,26,30,62,38,44,56,BCL
2025-10-25,13:00,Semendrija 1924,OFK Vršac,43,29,28,42,58,54,46,BCL
2025-10-25,16:00,FK Trayal,Kabel Novi Sad,52,24,24,59,41,39,61,BCL
2025-10-25,12:30,Young Lions,Geylang International,9,11,80,17,83,69,31,BCL
2025-10-25,14:30,Zemplín Michalovce,Dunajska Streda,18,22,60,42,58,58,42,BCL
2025-10-25,14:30,AS Trencin,Komárno,45,27,28,45,55,61,39,BCL
2025-10-25,14:30,Žilina,Skalica,61,22,17,41,59,59,41,BCL
2025-10-25,17:00,FK Košice,Podbrezová,51,24,25,35,65,66,34,BCL
2025-10-25,12:30,Inter Bratislava,Slávia TU Košice,70,19,11,38,62,57,43,BCL
2025-10-25,12:30,Baník Lehota p.Vtáčnikom,Dukla Banská Bystrica,9,18,73,40,60,38,62,BCL
2025-10-25,12:30,Stará Ľubovňa,Slovan Bratislava II,44,25,31,42,58,62,38,BCL
2025-10-25,12:30,Púchov,Liptovský Mikuláš,31,25,44,40,60,64,36,BCL
2025-10-25,12:30,Šamorín,Malženice,55,22,23,32,68,68,32,BCL
2025-10-25,14:00,Radomlje,Koper,21,25,54,45,55,59,41,BCL
2025-10-25,16:30,Maribor,Primorje,75,16,9,31,69,58,42,BCL
2025-10-25,06:00,Gwangju FC,FC Anyang,50,28,22,41,59,53,47,BCL
2025-10-25,06:00,Jeonbuk Motors,Gimcheon Sangmu FC,46,24,30,37,63,66,34,BCL
2025-10-25,08:30,Suwon FC,Jeju United,54,24,22,37,63,65,35,BCL
2025-10-25,06:00,Seongnam FC,Hwaseong FC,54,26,20,59,41,43,57,BCL
2025-10-25,06:00,Suwon Bluewings,Jeonnam Dragons,57,21,22,37,63,63,37,BCL
2025-10-25,08:30,Busan I Park,Gimpo FC,51,27,22,61,39,45,55,BCL
2025-10-25,08:30,Cheonan City,Ansan Greeners FC,45,28,27,42,58,53,47,BCL
2025-10-25,08:30,Chungbuk Cheongju,Bucheon FC 1995,21,22,57,46,54,53,47,BCL
2025-10-25,14:30,University of Pretoria,Upington City,47,31,22,71,29,38,62,BCL
2025-10-25,06:00,Ulsan Citizen,Yangpyeong,26,28,46,63,37,44,56,BCL
2025-10-25,13:00,Cultural Leonesa,AD Ceuta,43,29,28,63,37,43,57,BCL
2025-10-25,15:15,Albacete Balompie,Cordoba,45,28,27,43,57,63,37,BCL
2025-10-25,15:15,Eibar,Leganes,46,28,26,66,34,41,59,BCL
2025-10-25,17:30,Burgos,Real Sociedad B,59,26,15,65,35,37,63,BCL
2025-10-25,17:30,Granada,Cadiz,44,29,27,63,37,43,57,BCL
2025-10-25,20:00,Mirandes,Racing Santander,28,24,48,41,59,63,37,BCL
2025-10-25,13:00,Girona,Real Oviedo,55,26,19,45,55,53,47,BCL
2025-10-25,15:15,Espanyol,Elche,48,29,23,43,57,53,47,BCL
2025-10-25,17:30,Athletic Bilbao,Getafe,59,27,14,69,31,34,66,BCL
2025-10-25,20:00,Valencia,Villarreal,29,26,45,48,52,58,42,BCL
2025-10-25,15:15,Arenas Club de Getxo,CD Guadalajara S.A.D.,33,34,33,65,35,41,59,BCL
2025-10-25,15:15,Cacereno,Ourense CF,59,25,16,66,34,35,65,BCL
2025-10-25,15:15,Celta Fortuna,Racing Ferrol,40,29,31,61,39,45,55,BCL
2025-10-25,17:30,CF Talavera,Osasuna B,42,31,27,62,38,43,57,BCL
2025-10-25,20:00,Real Madrid Castilla,Real Aviles CF,47,27,26,42,58,53,47,BCL
2025-10-25,13:00,Algeciras CF,Alcorcon,43,28,29,61,39,43,57,BCL
2025-10-25,15:15,SD Tarazona,Betis Deportivo,47,27,26,65,35,39,61,BCL
2025-10-25,17:30,Sabadell,Gimnastic,47,30,23,66,34,39,61,BCL
2025-10-25,17:30,Atletico Sanluqueno,Juventud Torremolinos CF,52,26,22,63,37,39,61,BCL
2025-10-25,14:00,Djurgarden,IFK Varnamo,80,14,6,29,71,57,43,BCL
2025-10-25,16:30,Osters IF,Degerfors,42,26,32,46,54,59,41,BCL
2025-10-25,12:00,Umeå FC,Varbergs BoIS FC,28,24,48,40,60,63,37,BCL
2025-10-25,14:00,IK Brage,Helsingborg,41,25,34,41,59,63,37,BCL
2025-10-25,14:00,Sandvikens IF,Utsiktens BK,52,24,24,42,58,61,39,BCL
2025-10-25,14:00,GIF Sundsvall,Kalmar FF,14,20,66,43,57,53,47,BCL
2025-10-25,14:00,IK Oddevold,Ostersunds FK,50,25,25,45,55,58,42,BCL
2025-10-25,12:00,Stocksund,Enköping,33,21,46,25,75,75,25,BCL
2025-10-25,12:00,Sollentuna,United Nordic,13,18,69,31,69,62,38,BCL
2025-10-25,15:00,AFC Eskilstuna,Stockholm Internazionale,15,19,66,37,63,60,40,BCL
2025-10-25,15:00,Karlberg,Assyriska FF,44,24,32,40,60,65,35,BCL
2025-10-25,17:00,FC Sion,FC Thun,45,27,28,43,57,61,39,BCL
2025-10-25,17:00,St Gallen,Grasshoppers,58,24,18,39,61,63,37,BCL
2025-10-25,19:30,Winterthur,Lucerne,29,23,48,39,61,65,35,BCL
2025-10-25,17:00,Bellinzona,Stade Lausanne-Ouchy,20,23,57,43,57,59,41,BCL
2025-10-25,12:00,Ayutthaya FC,Chonburi FC,47,25,28,43,57,62,38,BCL
2025-10-25,12:30,Chiangrai United,Kanchanaburi,42,27,31,43,57,57,43,BCL
2025-10-25,13:00,Prachuap,Nakhon Ratchasima FC,60,23,17,46,54,55,45,BCL
2025-10-25,14:30,ES Metlaoui,AS Gabes,57,27,16,65,35,39,61,BCL
2025-10-25,15:00,Kocaelispor,Alanyaspor,42,28,30,45,55,57,43,BCL
2025-10-25,18:00,Trabzonspor,Eyupspor,65,20,15,45,55,53,47,BCL
2025-10-25,11:30,Adana Demirspor,Vanspor FK,5,7,88,15,85,37,63,BCL
2025-10-25,11:30,Sariyer,Manisa FK,58,23,19,45,55,55,45,BCL
2025-10-25,14:00,Pendikspor,Serik Belediyespor,66,20,14,41,59,55,45,BCL
2025-10-25,17:00,Sakaryaspor,Ankara Keciorengucu,43,26,31,46,54,59,41,BCL
2025-10-25,11:00,Yeni Malatyaspor,Hekimoğlu Trabzon,5,9,86,27,73,42,58,BCL
2025-10-25,12:30,Adana 1954 FK,Muğlaspor,26,26,48,42,58,55,45,BCL
2025-10-25,13:00,Altınordu,Karacabey Belediyespor,26,26,48,42,58,55,45,BCL
2025-10-25,13:00,İnegölspor,Kepez Belediyespor,57,22,21,44,56,58,42,BCL
2025-10-25,13:00,Ankara Demirspor,Adanaspor,89,6,5,12,88,45,55,BCL
2025-10-25,15:00,Fethiyespor,Kırklarelispor,67,22,11,56,44,42,58,BCL
2025-10-25,17:00,Ankaragucu,Şanlıurfaspor,29,26,45,43,57,56,44,BCL
2025-10-25,17:00,Bursaspor,Muş Menderesspor,81,13,6,33,67,40,60,BCL
2025-10-25,11:00,Metalist 1925 Kharkiv,LNZ Cherkasy,40,30,30,67,33,37,63,BCL
2025-10-25,13:30,Karpaty,Ruh Lviv,62,24,14,52,48,44,56,BCL
2025-10-25,16:00,Obolon-Brovar,Polessya,17,26,57,60,40,38,62,BCL
2025-10-25,13:55,Al Bataeh,Shabab Al Ahli Dubai,8,17,75,40,60,45,55,BCL
2025-10-25,13:55,Khorfakkan,Al-Ittihad Kalba,29,26,45,43,57,62,38,BCL
2025-10-25,17:00,Al Nasr Dubai,Baniyas SC,63,22,15,43,57,56,44,BCL
2025-10-25,17:30,Juventud De Las Piedras,Plaza Colonia,50,27,23,66,34,39,61,BCL
2025-10-25,20:00,Cerro,Penarol,7,17,76,64,36,35,65,BCL
2025-10-25,22:30,Cerro Largo,Racing Club de Montevideo,32,35,33,65,35,41,59,BCL
2025-10-25,19:30,Uruguay Montevideo,Tacuarembo,26,27,47,62,38,44,56,BCL
2025-10-25,01:00,Inter Miami,Nashville SC,65,20,15,27,73,69,31,BCL
2025-10-25,22:00,Charleston Battery,Birmingham Legion,70,16,14,30,70,59,41,BCL
2025-10-25,22:00,Loudoun United,North Carolina,54,24,22,41,59,61,39,BCL
2025-10-25,12:30,Shortan,Neftchi,8,19,73,64,36,38,62,BCL
2025-10-25,15:00,Kokand-1912,Navbahor,32,27,41,41,59,54,46,BCL
2025-10-25,22:30,Monagas SC,Deportivo La Guaira,27,28,45,62,38,38,62,BCL
2025-10-25,12:00,Binh Duong,Ha Noi,16,21,63,41,59,58,42,BCL
2025-10-25,14:00,GAP Connah S Quay FC,Haverfordwest County AFC,67,21,12,43,57,54,46,BCL
2025-10-25,14:30,Penybont,Caernarfon Town,53,24,23,35,65,66,34,BCL
2025-10-25,14:30,Briton Ferry,Colwyn Bay,24,24,52,43,57,61,39,BCL
2025-10-25,14:30,Bala Town,Barry Town,33,24,43,43,57,62,38,BCL
2025-10-25,17:15,Cardiff MET,Flint Town United,45,26,29,42,58,63,37,BCL
